Delhi, London, 6704, 8:55, INR37000
Frankfurt, London, 660, 1:25, EUR155
London, New York, 5585, 7:45, GBP280
New York, San Francisco, 4130, 6:10, USD147
London, San Francisco, 8620, 11:05, GBP345
Frankfurt, San Francisco, 9136, 11:30, EUR529
Delhi, London, 6704, 8:55, INR37000
Frankfurt, London, 660, 1:25, EUR155
London, New York, 5585, 7:45, GBP280
Chicago, San Francisco, 4130, 6:10, USD147
London, Mumbai, 8620, 11:05, GBP345
Frankfurt, San Francisco, 9136, 11:30, EUR529
Delhi, London, 6704, 8:55, INR37000
Frankfurt, Mumbai, 660, 1:25, EUR155
London, New York, 5585, 7:45, GBP280
Oregon, San Francisco, 4130, 6:10, USD147
London, San Francisco, 8620, 11:05, GBP345
Frankfurt, San Francisco, 9136, 11:30, EUR529
